,Sales Person,Country,Product,Date,Amount,Boxes Shipped
0,Jehu Rudeforth,UK,Mint Chip Choco,2022-01-04,5320.0,180
1,Van Tuxwell,India,85% Dark Bars,2022-08-01,7896.0,94
2,Gigi Bohling,India,Peanut Butter Cubes,2022-07-07,4501.0,91
3,Jan Morforth,Australia,Peanut Butter Cubes,2022-04-27,12726.0,342
4,Jehu Rudeforth,UK,Peanut Butter Cubes,2022-02-24,13685.0,184
5,Van Tuxwell,India,Smooth Sliky Salty,2022-06-06,5376.0,38
6,Oby Sorrel,UK,99% Dark & Pure,2022-01-25,13685.0,176
7,Gunar Cockshoot,Australia,After Nines,2022-03-24,3080.0,73
8,Jehu Rudeforth,New Zealand,50% Dark Bites,2022-04-20,3990.0,59
9,Brien Boise,Australia,99% Dark & Pure,2022-07-04,2835.0,102
10,Rafaelita Blaksland,UK,Smooth Sliky Salty,2022-01-13,4704.0,62
11,Barr Faughny,USA,Orange Choco,2022-03-10,3703.0,11
12,Mallorie Waber,Canada,Eclairs,2022-01-13,1442.0,286
13,Karlen McCaffrey,New Zealand,Drinking Coco,2022-07-28,168.0,156
14,Marney O'Breen,New Zealand,Peanut Butter Cubes,2022-08-03,8379.0,173
15,Beverie Moffet,Australia,Organic Choco Syrup,2022-01-26,6790.0,356
16,Van Tuxwell,Canada,Organic Choco Syrup,2022-02-14,4067.0,42
17,Roddy Speechley,USA,Smooth Sliky Salty,2022-04-05,3017.0,140
18,Beverie Moffet,Canada,Milk Bars,2022-02-16,8799.0,250
19,Curtice Advani,UK,85% Dark Bars,2022-06-08,1085.0,172
20,Brien Boise,Australia,Eclairs,2022-06-27,6888.0,88
21,Gunar Cockshoot,USA,Spicy Special Slims,2022-02-17,1267.0,157
22,Marney O'Breen,USA,After Nines,2022-05-30,4753.0,163
23,Husein Augar,UK,Drinking Coco,2022-03-14,3003.0,113
24,Kaine Padly,Australia,Eclairs,2022-02-28,7672.0,115
25,Karlen McCaffrey,India,Fruit & Nut Bars,2022-01-26,168.0,321
26,Roddy Speechley,Canada,Spicy Special Slims,2022-02-09,1652.0,186
27,Husein Augar,USA,Eclairs,2022-07-07,4025.0,112
28,Dennison Crosswaite,New Zealand,White Choc,2022-07-05,9492.0,151
29,Dennison Crosswaite,New Zealand,Manuka Honey Choco,2022-06-15,5061.0,301
30,Van Tuxwell,New Zealand,85% Dark Bars,2022-05-24,1722.0,121
31,Rafaelita Blaksland,UK,99% Dark & Pure,2022-06-29,12446.0,150
32,Wilone O'Kielt,Australia,Manuka Honey Choco,2022-05-11,4284.0,94
33,Karlen McCaffrey,UK,Almond Choco,2022-06-30,6839.0,133
34,Andria Kimpton,Canada,After Nines,2022-05-11,2163.0,70
35,Roddy Speechley,USA,Manuka Honey Choco,2022-07-22,9583.0,315
36,Andria Kimpton,UK,50% Dark Bites,2022-08-24,2653.0,314
37,Kelci Walkden,New Zealand,After Nines,2022-07-07,147.0,72
38,Camilla Castle,Australia,85% Dark Bars,2022-05-19,3654.0,14
39,Karlen McCaffrey,India,Manuka Honey Choco,2022-07-04,2443.0,581
40,Kelci Walkden,USA,After Nines,2022-06-02,938.0,16
41,Karlen McCaffrey,USA,Raspberry Choco,2022-04-15,14749.0,354
42,Mallorie Waber,Canada,Choco Coated Almonds,2022-07-11,4781.0,241
43,Andria Kimpton,India,Spicy Special Slims,2022-02-23,6307.0,142
44,Madelene Upcott,Canada,Almond Choco,2022-08-22,7602.0,102
45,Kaine Padly,USA,Peanut Butter Cubes,2022-02-16,6790.0,188
46,Van Tuxwell,USA,50% Dark Bites,2022-01-13,9737.0,160
47,Curtice Advani,Australia,Milk Bars,2022-02-14,6979.0,18
48,Roddy Speechley,India,Eclairs,2022-06-10,4382.0,303
49,Curtice Advani,India,Fruit & Nut Bars,2022-07-07,5243.0,176
50,Curtice Advani,Canada,Almond Choco,2022-03-24,4865.0,70
51,Brien Boise,Australia,Fruit & Nut Bars,2022-06-06,8575.0,23
52,Dotty Strutley,Australia,Drinking Coco,2022-07-19,91.0,135
53,Beverie Moffet,USA,Raspberry Choco,2022-04-19,14798.0,83
54,Marney O'Breen,India,85% Dark Bars,2022-07-19,2205.0,179
55,Jehu Rudeforth,Canada,Drinking Coco,2022-07-15,441.0,24
56,Ches Bonnell,New Zealand,Spicy Special Slims,2022-02-14,3556.0,18
57,Brien Boise,Canada,99% Dark & Pure,2022-05-18,16793.0,416
58,Barr Faughny,Australia,Fruit & Nut Bars,2022-06-30,15421.0,55
59,Andria Kimpton,Australia,50% Dark Bites,2022-06-02,4438.0,227
60,Andria Kimpton,Australia,Drinking Coco,2022-06-28,1603.0,48
61,Marney O'Breen,Australia,Organic Choco Syrup,2022-05-16,273.0,174
62,Kelci Walkden,Canada,Baker's Choco Chips,2022-05-26,3073.0,302
63,Karlen McCaffrey,India,Almond Choco,2022-07-06,6090.0,149
64,Oby Sorrel,India,99% Dark & Pure,2022-05-27,10255.0,11
65,Wilone O'Kielt,Australia,Caramel Stuffed Bars,2022-04-14,2030.0,11
66,Van Tuxwell,Australia,Organic Choco Syrup,2022-08-10,19453.0,14
67,Camilla Castle,India,50% Dark Bites,2022-07-04,9275.0,411
68,Oby Sorrel,India,Organic Choco Syrup,2022-07-08,6181.0,56
69,Jan Morforth,USA,Peanut Butter Cubes,2022-07-22,9037.0,102
70,Gigi Bohling,USA,Choco Coated Almonds,2022-03-02,12313.0,103
71,Gigi Bohling,UK,Almond Choco,2022-01-10,5642.0,9
72,Jehu Rudeforth,New Zealand,White Choc,2022-03-11,2800.0,241
73,Andria Kimpton,New Zealand,Peanut Butter Cubes,2022-06-20,959.0,265
74,Van Tuxwell,UK,Organic Choco Syrup,2022-08-26,2002.0,214
75,Roddy Speechley,Canada,Milk Bars,2022-07-13,609.0,32
76,Camilla Castle,USA,Spicy Special Slims,2022-02-11,1274.0,244
77,Marney O'Breen,USA,Orange Choco,2022-01-27,7595.0,181
78,Van Tuxwell,UK,99% Dark & Pure,2022-01-31,4725.0,137
79,Camilla Castle,USA,White Choc,2022-08-18,9681.0,24
80,Andria Kimpton,USA,Raspberry Choco,2022-06-30,14504.0,21
81,Dotty Strutley,Australia,Fruit & Nut Bars,2022-08-23,280.0,311
82,Brien Boise,New Zealand,Mint Chip Choco,2022-08-01,63.0,181
83,Roddy Speechley,New Zealand,After Nines,2022-05-25,8001.0,10
84,Roddy Speechley,Canada,Organic Choco Syrup,2022-01-10,4032.0,82
85,Dennison Crosswaite,Australia,70% Dark Bites,2022-02-07,5859.0,108
86,Karlen McCaffrey,USA,Orange Choco,2022-05-12,11095.0,401
87,Madelene Upcott,Australia,Spicy Special Slims,2022-03-07,7182.0,408
88,Dennison Crosswaite,Australia,85% Dark Bars,2022-04-05,6881.0,420
89,Andria Kimpton,Canada,Caramel Stuffed Bars,2022-01-03,7154.0,348
90,Dennison Crosswaite,UK,Eclairs,2022-03-24,6188.0,270
91,Madelene Upcott,India,Raspberry Choco,2022-07-07,4221.0,9
92,Van Tuxwell,USA,After Nines,2022-07-26,630.0,264
93,Wilone O'Kielt,Australia,Organic Choco Syrup,2022-07-07,1743.0,111
94,Karlen McCaffrey,Canada,50% Dark Bites,2022-07-15,2919.0,65
95,Roddy Speechley,New Zealand,Orange Choco,2022-04-01,49.0,97
96,Beverie Moffet,Australia,Eclairs,2022-06-20,1827.0,6
97,Kelci Walkden,UK,Fruit & Nut Bars,2022-06-29,13006.0,482
98,Marney O'Breen,USA,50% Dark Bites,2022-06-15,1064.0,106
99,Husein Augar,USA,After Nines,2022-04-08,11571.0,180
100,Dennison Crosswaite,Australia,Raspberry Choco,2022-03-14,5740.0,31
101,Andria Kimpton,USA,Fruit & Nut Bars,2022-07-15,1456.0,359
102,Kelci Walkden,India,Eclairs,2022-04-19,5334.0,80
103,Marney O'Breen,USA,99% Dark & Pure,2022-03-28,4151.0,296
104,Brien Boise,Canada,Spicy Special Slims,2022-03-04,8106.0,101
105,Karlen McCaffrey,New Zealand,70% Dark Bites,2022-08-02,126.0,40
106,Husein Augar,UK,Spicy Special Slims,2022-08-25,4697.0,42
107,Marney O'Breen,USA,Almond Choco,2022-02-25,7798.0,167
108,Kelci Walkden,India,Orange Choco,2022-06-07,9408.0,138
109,Jan Morforth,India,Spicy Special Slims,2022-04-12,1939.0,520
110,Ches Bonnell,India,Spicy Special Slims,2022-07-06,10906.0,94
111,Kelci Walkden,UK,Smooth Sliky Salty,2022-01-19,5929.0,175
112,Madelene Upcott,Australia,Fruit & Nut Bars,2022-01-05,5579.0,92
113,Madelene Upcott,Canada,70% Dark Bites,2022-01-24,10927.0,141
114,Wilone O'Kielt,Australia,Drinking Coco,2022-04-06,623.0,283
115,Gunar Cockshoot,Australia,Fruit & Nut Bars,2022-06-15,6013.0,21
116,Gigi Bohling,Canada,Baker's Choco Chips,2022-01-28,1505.0,47
117,Kelci Walkden,India,Caramel Stuffed Bars,2022-03-16,476.0,125
118,Rafaelita Blaksland,Australia,Drinking Coco,2022-02-21,11550.0,396
119,Kelci Walkden,USA,Manuka Honey Choco,2022-02-16,17318.0,87
120,Jehu Rudeforth,Canada,Spicy Special Slims,2022-01-13,1848.0,27
121,Kelci Walkden,Australia,Eclairs,2022-03-23,7273.0,547
122,Curtice Advani,Canada,Spicy Special Slims,2022-06-16,854.0,118
123,Oby Sorrel,India,Raspberry Choco,2022-04-14,6832.0,46
124,Kelci Walkden,UK,Eclairs,2022-01-25,4606.0,57
125,Jan Morforth,India,Almond Choco,2022-03-11,4466.0,22
126,Dotty Strutley,UK,Almond Choco,2022-07-28,16114.0,96
127,Marney O'Breen,New Zealand,After Nines,2022-03-09,1561.0,44
128,Husein Augar,Australia,Orange Choco,2022-06-28,8897.0,188
129,Marney O'Breen,Australia,Milk Bars,2022-07-28,2464.0,387
130,Kelci Walkden,Canada,99% Dark & Pure,2022-08-15,4830.0,50
131,Kaine Padly,Australia,Manuka Honey Choco,2022-01-12,2765.0,264
132,Beverie Moffet,New Zealand,White Choc,2022-03-24,7126.0,7
133,Van Tuxwell,UK,Milk Bars,2022-07-25,4263.0,90
134,Oby Sorrel,Canada,99% Dark & Pure,2022-08-01,3605.0,403
135,Van Tuxwell,India,Organic Choco Syrup,2022-05-16,19929.0,174
136,Roddy Speechley,India,Smooth Sliky Salty,2022-08-10,5103.0,140
137,Jan Morforth,India,Eclairs,2022-01-05,2541.0,27
138,Ches Bonnell,UK,Smooth Sliky Salty,2022-07-11,5663.0,110
139,Wilone O'Kielt,USA,After Nines,2022-04-25,392.0,30
140,Gigi Bohling,New Zealand,Fruit & Nut Bars,2022-04-04,10976.0,121
141,Barr Faughny,USA,Raspberry Choco,2022-04-12,9282.0,101
142,Wilone O'Kielt,New Zealand,85% Dark Bars,2022-08-02,1827.0,117
143,Gigi Bohling,New Zealand,Manuka Honey Choco,2022-06-28,8267.0,272
144,Ches Bonnell,Australia,Eclairs,2022-07-05,4116.0,128
145,Rafaelita Blaksland,New Zealand,Choco Coated Almonds,2022-06-07,2093.0,45
146,Brien Boise,New Zealand,Smooth Sliky Salty,2022-01-18,1015.0,27
147,Brien Boise,Australia,Baker's Choco Chips,2022-01-04,12516.0,212
148,Dennison Crosswaite,Australia,99% Dark & Pure,2022-01-31,2758.0,18
149,Kelci Walkden,India,Almond Choco,2022-03-14,3297.0,149
150,Camilla Castle,Australia,70% Dark Bites,2022-04-29,6048.0,477
151,Oby Sorrel,India,Smooth Sliky Salty,2022-02-07,10101.0,108
152,Kaine Padly,UK,Organic Choco Syrup,2022-03-31,2282.0,178
153,Marney O'Breen,India,Caramel Stuffed Bars,2022-03-16,4361.0,81
154,Karlen McCaffrey,UK,Eclairs,2022-01-25,7798.0,196
155,Van Tuxwell,India,Baker's Choco Chips,2022-06-20,3052.0,447
156,Gigi Bohling,UK,After Nines,2022-03-29,8029.0,175
157,Curtice Advani,Australia,Orange Choco,2022-07-12,854.0,136
158,Jehu Rudeforth,Canada,Smooth Sliky Salty,2022-07-11,5460.0,138
159,Karlen McCaffrey,Canada,Smooth Sliky Salty,2022-01-19,3017.0,184
160,Andria Kimpton,USA,85% Dark Bars,2022-04-05,8911.0,82
161,Jehu Rudeforth,Canada,Milk Bars,2022-02-21,7203.0,12
162,Rafaelita Blaksland,New Zealand,Caramel Stuffed Bars,2022-05-20,13083.0,14
163,Mallorie Waber,Australia,Milk Bars,2022-07-29,2779.0,104
164,Barr Faughny,USA,Fruit & Nut Bars,2022-01-28,9058.0,46
165,Marney O'Breen,UK,Caramel Stuffed Bars,2022-07-19,3549.0,112
166,Mallorie Waber,New Zealand,Manuka Honey Choco,2022-04-13,9436.0,11
167,Roddy Speechley,India,Peanut Butter Cubes,2022-02-11,10283.0,21
168,Roddy Speechley,New Zealand,Milk Bars,2022-03-02,5446.0,116
169,Ches Bonnell,Australia,White Choc,2022-03-02,1043.0,202
170,Van Tuxwell,USA,99% Dark & Pure,2022-07-28,12586.0,6
171,Kelci Walkden,India,After Nines,2022-01-07,1687.0,520
172,Brien Boise,UK,White Choc,2022-04-12,5299.0,167
173,Van Tuxwell,Canada,Almond Choco,2022-06-27,3213.0,72
174,Jehu Rudeforth,Australia,50% Dark Bites,2022-01-14,5194.0,418
175,Karlen McCaffrey,UK,Baker's Choco Chips,2022-02-07,4753.0,389
176,Jehu Rudeforth,Australia,Orange Choco,2022-03-23,13706.0,26
177,Marney O'Breen,India,Peanut Butter Cubes,2022-01-10,6489.0,146
178,Oby Sorrel,UK,Choco Coated Almonds,2022-03-17,9324.0,41
179,Gigi Bohling,USA,Spicy Special Slims,2022-01-21,10829.0,54
180,Barr Faughny,Australia,White Choc,2022-07-04,8113.0,370
181,Kaine Padly,Canada,Peanut Butter Cubes,2022-07-04,3269.0,176
182,Dotty Strutley,USA,Manuka Honey Choco,2022-08-10,273.0,210
183,Dennison Crosswaite,Australia,50% Dark Bites,2022-04-01,7287.0,12
184,Gigi Bohling,India,Raspberry Choco,2022-02-22,2583.0,159
185,Camilla Castle,UK,White Choc,2022-01-03,9982.0,187
186,Karlen McCaffrey,India,Drinking Coco,2022-05-31,4795.0,233
187,Dotty Strutley,UK,99% Dark & Pure,2022-01-03,9310.0,282
188,Husein Augar,New Zealand,Caramel Stuffed Bars,2022-01-27,497.0,475
189,Barr Faughny,UK,50% Dark Bites,2022-01-28,581.0,65
190,Curtice Advani,Australia,Organic Choco Syrup,2022-06-28,3472.0,311
191,Husein Augar,UK,Choco Coated Almonds,2022-03-02,4333.0,43
192,Wilone O'Kielt,Australia,After Nines,2022-05-27,3325.0,26
193,Dennison Crosswaite,USA,Almond Choco,2022-06-30,11718.0,84
194,Barr Faughny,Canada,Peanut Butter Cubes,2022-06-07,2100.0,78
195,Kaine Padly,USA,70% Dark Bites,2022-05-12,4018.0,100
196,Barr Faughny,New Zealand,Raspberry Choco,2022-07-29,6468.0,66
197,Dennison Crosswaite,UK,White Choc,2022-08-03,7238.0,265
198,Barr Faughny,India,Baker's Choco Chips,2022-08-18,6454.0,141
199,Van Tuxwell,New Zealand,Smooth Sliky Salty,2022-06-14,3115.0,42
200,Beverie Moffet,UK,White Choc,2022-06-30,6475.0,76
201,Camilla Castle,New Zealand,Mint Chip Choco,2022-06-13,1162.0,190
202,Ches Bonnell,UK,Orange Choco,2022-04-27,14238.0,54
203,Jan Morforth,Australia,White Choc,2022-07-27,3472.0,32
204,Mallorie Waber,Canada,85% Dark Bars,2022-04-20,1428.0,424
205,Rafaelita Blaksland,India,Spicy Special Slims,2022-01-04,8064.0,134
206,Ches Bonnell,Australia,Mint Chip Choco,2022-02-21,9660.0,92
207,Karlen McCaffrey,Australia,White Choc,2022-01-05,7357.0,48
208,Beverie Moffet,India,Drinking Coco,2022-07-15,6055.0,46
209,Brien Boise,Australia,Choco Coated Almonds,2022-05-25,5124.0,62
210,Karlen McCaffrey,Canada,Eclairs,2022-04-20,3479.0,358
211,Gigi Bohling,USA,99% Dark & Pure,2022-06-02,784.0,249
212,Marney O'Breen,UK,Smooth Sliky Salty,2022-05-13,18991.0,88
213,Beverie Moffet,New Zealand,Baker's Choco Chips,2022-08-03,1372.0,144
214,Beverie Moffet,Australia,Milk Bars,2022-05-25,735.0,390
215,Van Tuxwell,UK,Raspberry Choco,2022-03-16,6538.0,79
216,Jan Morforth,Australia,Orange Choco,2022-07-04,3199.0,122
217,Jehu Rudeforth,India,50% Dark Bites,2022-07-05,3472.0,135
218,Madelene Upcott,USA,After Nines,2022-03-15,4571.0,430
219,Barr Faughny,UK,Raspberry Choco,2022-08-22,5481.0,69
220,Ches Bonnell,Australia,70% Dark Bites,2022-01-12,3136.0,125
221,Marney O'Breen,UK,Baker's Choco Chips,2022-06-10,252.0,154
222,Kaine Padly,Australia,Peanut Butter Cubes,2022-03-25,5460.0,286
223,Rafaelita Blaksland,India,Almond Choco,2022-07-27,3395.0,99
224,Husein Augar,UK,Caramel Stuffed Bars,2022-04-15,14938.0,433
225,Roddy Speechley,India,Orange Choco,2022-06-27,4053.0,19
226,Jehu Rudeforth,UK,70% Dark Bites,2022-04-14,5565.0,258
227,Husein Augar,Australia,Manuka Honey Choco,2022-03-15,7161.0,92
228,Madelene Upcott,USA,Eclairs,2022-03-18,8883.0,200
229,Brien Boise,India,Eclairs,2022-04-29,1351.0,61
230,Mallorie Waber,New Zealand,White Choc,2022-02-25,3171.0,246
231,Husein Augar,USA,Milk Bars,2022-03-02,854.0,56
232,Van Tuxwell,Australia,Milk Bars,2022-06-20,7910.0,87
233,Beverie Moffet,Canada,White Choc,2022-07-15,9275.0,173
234,Dotty Strutley,Australia,50% Dark Bites,2022-05-12,3108.0,252
235,Mallorie Waber,New Zealand,Organic Choco Syrup,2022-07-01,5075.0,256
236,Husein Augar,USA,85% Dark Bars,2022-08-08,378.0,54
237,Madelene Upcott,Australia,50% Dark Bites,2022-07-25,7350.0,6
238,Wilone O'Kielt,UK,Drinking Coco,2022-05-18,3388.0,55
239,Camilla Castle,India,Peanut Butter Cubes,2022-07-15,11837.0,277
240,Curtice Advani,India,70% Dark Bites,2022-07-05,2282.0,44
241,Mallorie Waber,USA,Manuka Honey Choco,2022-07-04,5425.0,96
242,Dotty Strutley,UK,70% Dark Bites,2022-06-20,1267.0,216
243,Gunar Cockshoot,Australia,Almond Choco,2022-01-25,3752.0,424
244,Kaine Padly,New Zealand,Spicy Special Slims,2022-07-01,7728.0,37
245,Gigi Bohling,USA,50% Dark Bites,2022-04-13,2296.0,59
246,Beverie Moffet,UK,Smooth Sliky Salty,2022-05-04,4403.0,76
247,Beverie Moffet,Australia,Baker's Choco Chips,2022-08-04,3192.0,109
248,Beverie Moffet,India,70% Dark Bites,2022-06-01,448.0,146
249,Jehu Rudeforth,UK,Choco Coated Almonds,2022-04-22,4270.0,185
250,Kaine Padly,USA,50% Dark Bites,2022-08-03,70.0,27
251,Ches Bonnell,USA,Orange Choco,2022-06-10,1743.0,69
252,Gunar Cockshoot,UK,Manuka Honey Choco,2022-06-27,6762.0,46
253,Marney O'Breen,Australia,Smooth Sliky Salty,2022-01-03,3745.0,170
254,Marney O'Breen,India,After Nines,2022-07-11,2639.0,179
255,Ches Bonnell,New Zealand,Milk Bars,2022-08-17,4389.0,126
256,Rafaelita Blaksland,USA,Fruit & Nut Bars,2022-01-18,2604.0,65
257,Ches Bonnell,India,Organic Choco Syrup,2022-03-08,16569.0,99
258,Mallorie Waber,Australia,Orange Choco,2022-03-07,14658.0,275
259,Husein Augar,India,70% Dark Bites,2022-05-09,6454.0,157
260,Barr Faughny,New Zealand,85% Dark Bars,2022-05-23,2100.0,157
261,Madelene Upcott,UK,Caramel Stuffed Bars,2022-04-15,161.0,145
262,Gigi Bohling,Australia,Drinking Coco,2022-07-27,2807.0,139
263,Marney O'Breen,Canada,Choco Coated Almonds,2022-08-22,2639.0,406
264,Ches Bonnell,USA,70% Dark Bites,2022-05-11,4571.0,122
265,Madelene Upcott,India,Organic Choco Syrup,2022-01-26,4781.0,38
266,Barr Faughny,USA,50% Dark Bites,2022-04-14,13034.0,117
267,Dennison Crosswaite,New Zealand,Mint Chip Choco,2022-04-05,6454.0,417
268,Marney O'Breen,New Zealand,Smooth Sliky Salty,2022-06-14,8484.0,57
269,Brien Boise,Canada,Almond Choco,2022-04-13,4781.0,125
270,Beverie Moffet,Australia,White Choc,2022-06-27,2240.0,166
271,Dotty Strutley,Australia,Eclairs,2022-01-26,6979.0,3
272,Barr Faughny,UK,White Choc,2022-07-05,1652.0,72
273,Beverie Moffet,Canada,Baker's Choco Chips,2022-01-11,13447.0,95
274,Kelci Walkden,USA,White Choc,2022-03-07,9422.0,22
275,Kaine Padly,Canada,50% Dark Bites,2022-03-04,8687.0,100
276,Karlen McCaffrey,Canada,Organic Choco Syrup,2022-07-15,2415.0,312
277,Kaine Padly,UK,Peanut Butter Cubes,2022-05-11,6272.0,86
278,Karlen McCaffrey,USA,Milk Bars,2022-01-27,4389.0,7
279,Karlen McCaffrey,India,Orange Choco,2022-06-27,3122.0,149
280,Ches Bonnell,India,Smooth Sliky Salty,2022-08-03,8043.0,18
281,Wilone O'Kielt,New Zealand,Mint Chip Choco,2022-08-19,11662.0,242
282,Wilone O'Kielt,Australia,Fruit & Nut Bars,2022-06-15,392.0,102
283,Dennison Crosswaite,UK,Peanut Butter Cubes,2022-02-07,8925.0,158
284,Karlen McCaffrey,Australia,Almond Choco,2022-07-08,7294.0,128
285,Dennison Crosswaite,India,Milk Bars,2022-04-21,1526.0,96
286,Ches Bonnell,UK,Mint Chip Choco,2022-04-08,2688.0,209
287,Husein Augar,Australia,50% Dark Bites,2022-08-19,14889.0,52
288,Jan Morforth,India,Fruit & Nut Bars,2022-05-04,2912.0,55
289,Mallorie Waber,USA,85% Dark Bars,2022-05-11,2632.0,108
290,Mallorie Waber,USA,Eclairs,2022-03-22,6328.0,51
291,Dennison Crosswaite,Canada,Spicy Special Slims,2022-08-10,2527.0,216
292,Dennison Crosswaite,USA,Fruit & Nut Bars,2022-05-04,1414.0,318
293,Kelci Walkden,USA,99% Dark & Pure,2022-08-18,7714.0,238
294,Dotty Strutley,Canada,Raspberry Choco,2022-08-03,4347.0,238
295,Marney O'Breen,New Zealand,Milk Bars,2022-01-14,7490.0,315
296,Madelene Upcott,Australia,Choco Coated Almonds,2022-04-08,2058.0,72
297,Kelci Walkden,UK,Orange Choco,2022-08-01,3640.0,3
298,Dennison Crosswaite,Canada,Eclairs,2022-03-15,455.0,45
299,Karlen McCaffrey,India,Mint Chip Choco,2022-07-15,10990.0,184
300,Barr Faughny,New Zealand,Almond Choco,2022-01-13,5558.0,127
301,Mallorie Waber,Australia,85% Dark Bars,2022-08-26,2541.0,53
302,Ches Bonnell,Canada,Eclairs,2022-01-10,1876.0,172
303,Gigi Bohling,Australia,White Choc,2022-05-11,5523.0,87
304,Beverie Moffet,New Zealand,85% Dark Bars,2022-08-30,11200.0,22
305,Kaine Padly,USA,Caramel Stuffed Bars,2022-07-21,5593.0,122
306,Mallorie Waber,Australia,Almond Choco,2022-08-01,7882.0,125
307,Brien Boise,Canada,85% Dark Bars,2022-02-17,10241.0,259
308,Brien Boise,Australia,Drinking Coco,2022-07-27,6832.0,156
309,Dotty Strutley,USA,Orange Choco,2022-02-23,1379.0,107
310,Rafaelita Blaksland,Australia,50% Dark Bites,2022-03-22,3010.0,40
311,Dennison Crosswaite,India,99% Dark & Pure,2022-06-23,6888.0,311
312,Curtice Advani,UK,White Choc,2022-02-01,1540.0,73
313,Kelci Walkden,Australia,After Nines,2022-03-02,6916.0,288
314,Gigi Bohling,UK,Fruit & Nut Bars,2022-04-06,1232.0,86
315,Gunar Cockshoot,Australia,Raspberry Choco,2022-03-17,602.0,72
316,Curtice Advani,UK,Fruit & Nut Bars,2022-06-24,10927.0,136
317,Barr Faughny,Canada,50% Dark Bites,2022-07-19,10185.0,303
318,Curtice Advani,USA,Spicy Special Slims,2022-07-11,1603.0,264
319,Brien Boise,India,Almond Choco,2022-01-13,2170.0,218
320,Oby Sorrel,New Zealand,Smooth Sliky Salty,2022-07-07,8673.0,60
321,Jan Morforth,India,85% Dark Bars,2022-05-25,4760.0,418
322,Marney O'Breen,India,Fruit & Nut Bars,2022-04-13,4753.0,151
323,Andria Kimpton,New Zealand,50% Dark Bites,2022-03-02,3374.0,202
324,Gunar Cockshoot,Canada,Raspberry Choco,2022-06-23,2058.0,126
325,Kelci Walkden,USA,Drinking Coco,2022-07-26,6454.0,160
326,Van Tuxwell,Canada,White Choc,2022-03-22,420.0,3
327,Rafaelita Blaksland,USA,Baker's Choco Chips,2022-06-09,2863.0,58
328,Van Tuxwell,Australia,Caramel Stuffed Bars,2022-05-17,5936.0,59
329,Ches Bonnell,New Zealand,Peanut Butter Cubes,2022-03-04,889.0,273
330,Kelci Walkden,Canada,Milk Bars,2022-07-07,16016.0,28
331,Dennison Crosswaite,Canada,Choco Coated Almonds,2022-01-13,10479.0,118
332,Curtice Advani,Australia,Almond Choco,2022-07-13,2912.0,75
333,Madelene Upcott,Australia,85% Dark Bars,2022-06-16,1575.0,329
334,Gigi Bohling,UK,50% Dark Bites,2022-07-18,8197.0,69
335,Ches Bonnell,UK,Manuka Honey Choco,2022-05-30,4221.0,395
336,Gigi Bohling,UK,70% Dark Bites,2022-06-21,840.0,81
337,Jehu Rudeforth,Australia,Peanut Butter Cubes,2022-06-24,5691.0,38
338,Marney O'Breen,India,Eclairs,2022-01-13,3472.0,96
339,Curtice Advani,Canada,Fruit & Nut Bars,2022-04-04,4193.0,195
340,Kaine Padly,UK,Smooth Sliky Salty,2022-06-08,9016.0,554
341,Karlen McCaffrey,Canada,Spicy Special Slims,2022-08-02,6328.0,47
342,Kelci Walkden,USA,Organic Choco Syrup,2022-07-21,9870.0,152
343,Curtice Advani,India,Spicy Special Slims,2022-06-20,161.0,134
344,Roddy Speechley,India,After Nines,2022-06-22,2576.0,112
345,Camilla Castle,Australia,Caramel Stuffed Bars,2022-05-02,3178.0,16
346,Curtice Advani,Australia,99% Dark & Pure,2022-01-07,4676.0,84
347,Mallorie Waber,UK,50% Dark Bites,2022-02-21,5502.0,99
348,Ches Bonnell,Canada,Baker's Choco Chips,2022-03-21,7462.0,371
349,Van Tuxwell,UK,Drinking Coco,2022-04-04,5803.0,136
350,Gunar Cockshoot,Canada,Fruit & Nut Bars,2022-03-24,13888.0,203
351,Gunar Cockshoot,New Zealand,Spicy Special Slims,2022-06-28,6867.0,183
352,Gunar Cockshoot,Australia,Drinking Coco,2022-01-14,2317.0,195
353,Karlen McCaffrey,New Zealand,Fruit & Nut Bars,2022-02-07,1218.0,135
354,Dennison Crosswaite,New Zealand,Drinking Coco,2022-01-11,4109.0,197
355,Jehu Rudeforth,India,99% Dark & Pure,2022-02-25,1953.0,242
356,Dotty Strutley,Australia,Mint Chip Choco,2022-08-01,6790.0,25
357,Roddy Speechley,Australia,Mint Chip Choco,2022-05-05,6797.0,252
358,Madelene Upcott,New Zealand,Raspberry Choco,2022-05-18,9226.0,415
359,Dotty Strutley,New Zealand,Choco Coated Almonds,2022-01-04,5733.0,348
360,Roddy Speechley,New Zealand,50% Dark Bites,2022-05-09,4312.0,211
361,Rafaelita Blaksland,India,Smooth Sliky Salty,2022-05-06,1638.0,81
362,Husein Augar,UK,White Choc,2022-01-13,10815.0,145
363,Roddy Speechley,Australia,Almond Choco,2022-06-24,4466.0,74
364,Van Tuxwell,USA,Caramel Stuffed Bars,2022-02-14,987.0,21
365,Camilla Castle,Australia,99% Dark & Pure,2022-01-18,4669.0,101
366,Kaine Padly,India,Milk Bars,2022-05-02,2905.0,91
367,Ches Bonnell,Australia,Smooth Sliky Salty,2022-05-16,7490.0,54
368,Mallorie Waber,USA,Almond Choco,2022-01-28,6986.0,368
369,Kaine Padly,Canada,99% Dark & Pure,2022-06-24,1288.0,409
370,Oby Sorrel,UK,After Nines,2022-07-18,2345.0,104
371,Gunar Cockshoot,UK,Eclairs,2022-04-13,3619.0,164
372,Dotty Strutley,USA,Caramel Stuffed Bars,2022-04-15,16982.0,76
373,Jan Morforth,India,Peanut Butter Cubes,2022-01-04,8092.0,178
374,Husein Augar,Australia,Eclairs,2022-07-04,6993.0,31
375,Beverie Moffet,USA,Smooth Sliky Salty,2022-03-24,2317.0,352
376,Camilla Castle,Australia,Manuka Honey Choco,2022-03-17,637.0,169
377,Oby Sorrel,Australia,Almond Choco,2022-02-15,6034.0,223
378,Jan Morforth,USA,Orange Choco,2022-06-29,980.0,146
379,Gigi Bohling,USA,Fruit & Nut Bars,2022-05-24,2821.0,112
380,Mallorie Waber,UK,Milk Bars,2022-01-10,3563.0,284
381,Curtice Advani,USA,Raspberry Choco,2022-03-15,2996.0,139
382,Marney O'Breen,Canada,Milk Bars,2022-02-08,2436.0,309
383,Brien Boise,India,Caramel Stuffed Bars,2022-02-25,1540.0,100
384,Gunar Cockshoot,USA,Eclairs,2022-05-03,6916.0,42
385,Roddy Speechley,USA,Fruit & Nut Bars,2022-06-14,5509.0,24
386,Gunar Cockshoot,India,50% Dark Bites,2022-08-09,12992.0,83
387,Wilone O'Kielt,New Zealand,Manuka Honey Choco,2022-07-11,3724.0,234
388,Kaine Padly,UK,Manuka Honey Choco,2022-01-14,7133.0,118
389,Van Tuxwell,Canada,Manuka Honey Choco,2022-02-24,8617.0,46
390,Wilone O'Kielt,New Zealand,Almond Choco,2022-03-15,9198.0,144
391,Oby Sorrel,New Zealand,Baker's Choco Chips,2022-04-25,11823.0,47
392,Dennison Crosswaite,Australia,Organic Choco Syrup,2022-05-10,5775.0,41
393,Marney O'Breen,Australia,Spicy Special Slims,2022-06-23,13125.0,275
394,Beverie Moffet,Canada,Smooth Sliky Salty,2022-02-28,14287.0,370
395,Brien Boise,USA,Organic Choco Syrup,2022-05-25,16233.0,138
396,Roddy Speechley,New Zealand,Baker's Choco Chips,2022-02-22,5313.0,215
397,Van Tuxwell,UK,85% Dark Bars,2022-07-11,3577.0,134
398,Marney O'Breen,Canada,Spicy Special Slims,2022-01-03,3528.0,336
399,Rafaelita Blaksland,New Zealand,70% Dark Bites,2022-08-24,679.0,280
400,Beverie Moffet,USA,50% Dark Bites,2022-07-28,2450.0,352
401,Brien Boise,USA,Mint Chip Choco,2022-05-25,10577.0,150
402,Karlen McCaffrey,New Zealand,Eclairs,2022-05-06,2597.0,177
403,Barr Faughny,India,Drinking Coco,2022-01-28,2219.0,142
404,Marney O'Breen,UK,Orange Choco,2022-06-06,11319.0,12
405,Brien Boise,New Zealand,Baker's Choco Chips,2022-07-12,5978.0,24
406,Ches Bonnell,Canada,Spicy Special Slims,2022-08-05,5327.0,183
407,Brien Boise,USA,Orange Choco,2022-01-28,6020.0,147
408,Kaine Padly,India,Spicy Special Slims,2022-08-31,5614.0,137
409,Mallorie Waber,USA,50% Dark Bites,2022-04-19,1736.0,13
410,Mallorie Waber,UK,Mint Chip Choco,2022-06-29,6384.0,2
411,Beverie Moffet,India,Choco Coated Almonds,2022-02-24,3577.0,261
412,Madelene Upcott,UK,Smooth Sliky Salty,2022-03-04,14539.0,84
413,Gigi Bohling,India,Eclairs,2022-06-21,3493.0,68
414,Rafaelita Blaksland,Australia,Organic Choco Syrup,2022-01-26,994.0,105
415,Oby Sorrel,New Zealand,White Choc,2022-06-10,4361.0,40
416,Andria Kimpton,UK,Drinking Coco,2022-05-23,1554.0,65
417,Kelci Walkden,India,Milk Bars,2022-04-15,966.0,107
418,Karlen McCaffrey,New Zealand,Caramel Stuffed Bars,2022-01-31,5334.0,227
419,Andria Kimpton,New Zealand,Organic Choco Syrup,2022-03-04,4935.0,39
420,Barr Faughny,New Zealand,After Nines,2022-04-19,10024.0,84
421,Beverie Moffet,UK,Almond Choco,2022-05-16,2506.0,100
422,Oby Sorrel,Australia,Raspberry Choco,2022-02-17,1043.0,120
423,Dennison Crosswaite,USA,Raspberry Choco,2022-01-18,6524.0,257
424,Roddy Speechley,Canada,Orange Choco,2022-02-09,8148.0,85
425,Mallorie Waber,Canada,Orange Choco,2022-03-23,3577.0,178
426,Madelene Upcott,New Zealand,Caramel Stuffed Bars,2022-02-01,3374.0,151
427,Mallorie Waber,India,Drinking Coco,2022-03-07,3948.0,142
428,Ches Bonnell,UK,White Choc,2022-01-03,3269.0,226
429,Ches Bonnell,USA,White Choc,2022-02-11,5271.0,341
430,Dennison Crosswaite,New Zealand,Orange Choco,2022-03-16,4571.0,140
431,Dotty Strutley,India,White Choc,2022-08-15,12327.0,330
432,Gigi Bohling,India,Manuka Honey Choco,2022-05-12,4935.0,73
433,Van Tuxwell,India,Spicy Special Slims,2022-04-11,6167.0,4
434,Jan Morforth,New Zealand,Mint Chip Choco,2022-06-30,18340.0,285
435,Dotty Strutley,New Zealand,White Choc,2022-06-15,7014.0,60
436,Rafaelita Blaksland,Canada,Caramel Stuffed Bars,2022-08-01,7119.0,101
437,Kaine Padly,USA,Milk Bars,2022-06-15,15491.0,58
438,Brien Boise,India,After Nines,2022-06-16,5747.0,45
439,Oby Sorrel,New Zealand,Raspberry Choco,2022-05-13,4550.0,281
440,Dennison Crosswaite,USA,Drinking Coco,2022-05-10,2191.0,138
441,Oby Sorrel,India,Eclairs,2022-08-25,5663.0,322
442,Ches Bonnell,New Zealand,Organic Choco Syrup,2022-07-15,7623.0,85
443,Gigi Bohling,UK,Baker's Choco Chips,2022-05-16,9023.0,409
444,Jan Morforth,Australia,50% Dark Bites,2022-06-14,3402.0,182
445,Beverie Moffet,Australia,Smooth Sliky Salty,2022-01-25,10507.0,467
446,Ches Bonnell,USA,Organic Choco Syrup,2022-07-28,7721.0,14
447,Brien Boise,Canada,Mint Chip Choco,2022-01-28,5033.0,178
448,Kaine Padly,UK,Orange Choco,2022-06-29,1960.0,191
449,Karlen McCaffrey,Australia,70% Dark Bites,2022-06-24,238.0,317
450,Gunar Cockshoot,Canada,Mint Chip Choco,2022-07-01,7756.0,410
451,Roddy Speechley,USA,Peanut Butter Cubes,2022-02-25,1736.0,137
452,Curtice Advani,Canada,Smooth Sliky Salty,2022-08-01,2660.0,12
453,Oby Sorrel,Australia,Milk Bars,2022-06-21,7672.0,254
454,Camilla Castle,New Zealand,Spicy Special Slims,2022-01-25,11564.0,24
455,Gigi Bohling,UK,Milk Bars,2022-05-17,1365.0,232
456,Andria Kimpton,Australia,85% Dark Bars,2022-08-23,4186.0,233
457,Camilla Castle,Australia,Smooth Sliky Salty,2022-03-03,7406.0,118
458,Roddy Speechley,India,Caramel Stuffed Bars,2022-05-30,8911.0,543
459,Karlen McCaffrey,USA,Drinking Coco,2022-06-29,112.0,223
460,Andria Kimpton,Canada,Organic Choco Syrup,2022-01-04,8204.0,204
461,Jehu Rudeforth,Australia,Drinking Coco,2022-01-14,2611.0,65
462,Karlen McCaffrey,USA,Mint Chip Choco,2022-02-15,15652.0,53
463,Curtice Advani,New Zealand,Spicy Special Slims,2022-01-10,4074.0,469
464,Madelene Upcott,USA,White Choc,2022-05-04,12250.0,213
465,Andria Kimpton,USA,Spicy Special Slims,2022-05-23,2366.0,5
466,Barr Faughny,New Zealand,Fruit & Nut Bars,2022-04-26,1687.0,147
467,Oby Sorrel,Canada,Organic Choco Syrup,2022-07-05,1232.0,74
468,Madelene Upcott,UK,Organic Choco Syrup,2022-07-21,6965.0,163
469,Dotty Strutley,USA,Mint Chip Choco,2022-02-21,5292.0,248
470,Kelci Walkden,USA,Orange Choco,2022-02-03,1379.0,138
471,Gigi Bohling,Australia,Caramel Stuffed Bars,2022-07-08,8001.0,151
472,Mallorie Waber,India,50% Dark Bites,2022-05-31,588.0,139
473,Van Tuxwell,New Zealand,Mint Chip Choco,2022-06-27,4046.0,103
474,Van Tuxwell,India,50% Dark Bites,2022-05-13,5103.0,129
475,Van Tuxwell,USA,Manuka Honey Choco,2022-05-31,2317.0,102
476,Wilone O'Kielt,USA,Orange Choco,2022-02-28,7042.0,37
477,Barr Faughny,New Zealand,Eclairs,2022-03-28,6713.0,31
478,Gigi Bohling,USA,After Nines,2022-01-14,1848.0,227
479,Barr Faughny,New Zealand,Mint Chip Choco,2022-02-21,6440.0,145
480,Dennison Crosswaite,Canada,85% Dark Bars,2022-08-01,10885.0,90
481,Beverie Moffet,New Zealand,Smooth Sliky Salty,2022-05-19,2387.0,59
482,Husein Augar,USA,White Choc,2022-07-13,2030.0,60
483,Andria Kimpton,Australia,Peanut Butter Cubes,2022-04-20,6678.0,148
484,Dennison Crosswaite,India,85% Dark Bars,2022-06-30,4515.0,22
485,Curtice Advani,UK,50% Dark Bites,2022-03-08,3374.0,142
486,Gunar Cockshoot,USA,Fruit & Nut Bars,2022-03-09,5852.0,93
487,Oby Sorrel,Canada,Raspberry Choco,2022-06-16,1750.0,208
488,Gigi Bohling,UK,Drinking Coco,2022-06-30,5782.0,42
489,Kelci Walkden,India,Mint Chip Choco,2022-07-28,2870.0,120
490,Karlen McCaffrey,Canada,Peanut Butter Cubes,2022-08-12,3094.0,159
491,Barr Faughny,UK,Mint Chip Choco,2022-07-07,3724.0,316
492,Barr Faughny,USA,85% Dark Bars,2022-08-25,12761.0,47
493,Husein Augar,Canada,Eclairs,2022-01-17,3696.0,233
494,Jan Morforth,Australia,70% Dark Bites,2022-03-04,5222.0,384
495,Marney O'Breen,New Zealand,Fruit & Nut Bars,2022-08-25,8939.0,4
496,Ches Bonnell,UK,Peanut Butter Cubes,2022-04-15,2156.0,260
497,Kaine Padly,USA,Organic Choco Syrup,2022-03-11,2380.0,22
498,Camilla Castle,USA,Raspberry Choco,2022-05-20,3339.0,18
499,Brien Boise,New Zealand,Manuka Honey Choco,2022-06-14,14980.0,42
500,Jehu Rudeforth,New Zealand,After Nines,2022-04-14,1512.0,73
501,Jehu Rudeforth,USA,Smooth Sliky Salty,2022-07-07,6657.0,154
502,Madelene Upcott,India,Mint Chip Choco,2022-08-24,3836.0,71
503,Jehu Rudeforth,India,Eclairs,2022-02-24,8771.0,127
504,Karlen McCaffrey,Canada,Raspberry Choco,2022-05-09,651.0,224
505,Kaine Padly,Australia,70% Dark Bites,2022-02-08,6706.0,223
506,Roddy Speechley,UK,70% Dark Bites,2022-03-24,1421.0,284
507,Rafaelita Blaksland,USA,Drinking Coco,2022-06-20,8526.0,73
508,Mallorie Waber,Canada,Manuka Honey Choco,2022-03-07,1435.0,112
509,Kaine Padly,Australia,Fruit & Nut Bars,2022-06-20,7434.0,85
510,Oby Sorrel,New Zealand,Organic Choco Syrup,2022-02-17,15316.0,270
511,Madelene Upcott,UK,99% Dark & Pure,2022-01-26,10479.0,45
512,Madelene Upcott,Australia,Mint Chip Choco,2022-05-02,2751.0,153
513,Curtice Advani,Canada,99% Dark & Pure,2022-07-07,12586.0,7
514,Rafaelita Blaksland,Australia,Baker's Choco Chips,2022-08-22,2786.0,51
515,Karlen McCaffrey,Australia,After Nines,2022-08-11,2303.0,67
516,Marney O'Breen,UK,99% Dark & Pure,2022-01-13,8113.0,194
517,Gunar Cockshoot,Australia,50% Dark Bites,2022-03-02,12271.0,116
518,Marney O'Breen,Australia,Choco Coated Almonds,2022-07-27,11298.0,41
519,Kelci Walkden,New Zealand,Drinking Coco,2022-03-10,15855.0,111
520,Beverie Moffet,USA,85% Dark Bars,2022-08-23,12404.0,334
521,Roddy Speechley,USA,Eclairs,2022-04-25,3990.0,155
522,Dennison Crosswaite,UK,Milk Bars,2022-03-07,10808.0,407
523,Wilone O'Kielt,UK,Organic Choco Syrup,2022-07-12,4858.0,52
524,Madelene Upcott,USA,Orange Choco,2022-05-16,7742.0,138
525,Gunar Cockshoot,India,Smooth Sliky Salty,2022-03-02,3752.0,70
526,Marney O'Breen,New Zealand,85% Dark Bars,2022-05-30,1218.0,149
527,Marney O'Breen,UK,Manuka Honey Choco,2022-06-10,10983.0,179
528,Brien Boise,USA,99% Dark & Pure,2022-07-25,6769.0,353
529,Beverie Moffet,New Zealand,Mint Chip Choco,2022-06-09,4361.0,97
530,Dennison Crosswaite,USA,Milk Bars,2022-05-12,777.0,60
531,Gunar Cockshoot,USA,Drinking Coco,2022-05-09,3843.0,5
532,Brien Boise,Canada,Manuka Honey Choco,2022-08-09,6930.0,182
533,Van Tuxwell,India,Choco Coated Almonds,2022-04-13,5733.0,114
534,Andria Kimpton,USA,Caramel Stuffed Bars,2022-05-02,8393.0,46
535,Dotty Strutley,USA,99% Dark & Pure,2022-08-09,3822.0,320
536,Camilla Castle,Australia,Raspberry Choco,2022-08-23,6342.0,178
537,Gunar Cockshoot,India,Spicy Special Slims,2022-05-13,6510.0,170
538,Karlen McCaffrey,USA,Manuka Honey Choco,2022-02-01,10171.0,67
539,Camilla Castle,USA,50% Dark Bites,2022-06-23,5908.0,301
540,Madelene Upcott,UK,Choco Coated Almonds,2022-05-24,10164.0,134
541,Jan Morforth,Canada,Mint Chip Choco,2022-04-01,1064.0,211
542,Camilla Castle,Canada,70% Dark Bites,2022-07-27,9716.0,151
543,Ches Bonnell,India,Peanut Butter Cubes,2022-01-27,22050.0,208
544,Jan Morforth,India,Choco Coated Almonds,2022-08-12,2541.0,134
545,Gigi Bohling,Canada,Almond Choco,2022-02-01,9989.0,49
546,Rafaelita Blaksland,India,After Nines,2022-03-02,4739.0,204
547,Kelci Walkden,Australia,99% Dark & Pure,2022-06-30,3185.0,34
548,Dotty Strutley,Australia,Spicy Special Slims,2022-01-17,8225.0,91
549,Brien Boise,USA,Milk Bars,2022-07-07,14301.0,130
550,Mallorie Waber,New Zealand,Mint Chip Choco,2022-01-31,1316.0,107
551,Beverie Moffet,UK,99% Dark & Pure,2022-08-10,3486.0,121
552,Beverie Moffet,USA,Peanut Butter Cubes,2022-08-18,13930.0,339
553,Brien Boise,New Zealand,White Choc,2022-06-15,5509.0,321
554,Marney O'Breen,USA,Baker's Choco Chips,2022-01-26,8470.0,9
555,Kelci Walkden,USA,Spicy Special Slims,2022-04-29,77.0,69
556,Mallorie Waber,Canada,White Choc,2022-03-03,3381.0,72
557,Kaine Padly,Australia,Almond Choco,2022-02-22,4102.0,392
558,Oby Sorrel,USA,Smooth Sliky Salty,2022-03-04,3577.0,158
559,Dennison Crosswaite,India,Smooth Sliky Salty,2022-07-07,2975.0,9
560,Camilla Castle,New Zealand,Caramel Stuffed Bars,2022-06-17,4137.0,347
561,Jan Morforth,Canada,Caramel Stuffed Bars,2022-08-02,9541.0,114
562,Oby Sorrel,USA,Baker's Choco Chips,2022-08-12,8001.0,120
563,Madelene Upcott,New Zealand,Peanut Butter Cubes,2022-01-28,5152.0,333
564,Kelci Walkden,Australia,Orange Choco,2022-04-29,11116.0,432
565,Marney O'Breen,Australia,Manuka Honey Choco,2022-04-05,13076.0,236
566,Kaine Padly,Canada,Manuka Honey Choco,2022-01-18,10213.0,135
567,Jehu Rudeforth,UK,Baker's Choco Chips,2022-05-16,2485.0,97
568,Kelci Walkden,Australia,White Choc,2022-08-24,8715.0,168
569,Curtice Advani,India,85% Dark Bars,2022-01-18,273.0,402
570,Kaine Padly,USA,Eclairs,2022-08-22,7623.0,10
571,Gunar Cockshoot,UK,99% Dark & Pure,2022-03-07,7.0,84
572,Beverie Moffet,UK,Choco Coated Almonds,2022-03-04,3010.0,69
573,Dotty Strutley,Canada,Manuka Honey Choco,2022-04-22,11550.0,111
574,Kaine Padly,Australia,Milk Bars,2022-06-09,4046.0,89
575,Jan Morforth,Canada,Fruit & Nut Bars,2022-07-25,8904.0,199
576,Jan Morforth,India,Smooth Sliky Salty,2022-08-03,11298.0,89
577,Rafaelita Blaksland,Australia,Manuka Honey Choco,2022-08-03,4396.0,131
578,Jehu Rudeforth,UK,Milk Bars,2022-05-03,12068.0,227
579,Husein Augar,Canada,After Nines,2022-01-19,9772.0,301
580,Roddy Speechley,USA,50% Dark Bites,2022-02-11,10458.0,316
581,Van Tuxwell,India,Almond Choco,2022-06-14,6426.0,390
582,Kelci Walkden,USA,50% Dark Bites,2022-03-23,6188.0,223
583,Madelene Upcott,Canada,85% Dark Bars,2022-02-17,7504.0,101
584,Dennison Crosswaite,Canada,Smooth Sliky Salty,2022-03-17,1750.0,479
585,Mallorie Waber,Australia,Spicy Special Slims,2022-06-29,5439.0,287
586,Ches Bonnell,Canada,Choco Coated Almonds,2022-08-24,15547.0,269
587,Gigi Bohling,Canada,Spicy Special Slims,2022-07-04,11956.0,277
588,Roddy Speechley,New Zealand,Almond Choco,2022-03-28,2723.0,67
589,Curtice Advani,India,Smooth Sliky Salty,2022-04-19,19327.0,135
590,Ches Bonnell,New Zealand,Mint Chip Choco,2022-01-18,9058.0,229
591,Van Tuxwell,New Zealand,Fruit & Nut Bars,2022-01-17,2996.0,88
592,Andria Kimpton,New Zealand,Mint Chip Choco,2022-02-15,8848.0,211
593,Andria Kimpton,UK,Milk Bars,2022-02-11,14336.0,293
594,Camilla Castle,USA,Manuka Honey Choco,2022-03-21,16401.0,179
595,Gunar Cockshoot,New Zealand,Almond Choco,2022-01-05,5173.0,129
596,Brien Boise,India,Raspberry Choco,2022-05-30,6328.0,164
597,Jehu Rudeforth,USA,99% Dark & Pure,2022-01-04,2534.0,219
598,Beverie Moffet,Australia,Fruit & Nut Bars,2022-04-22,1435.0,258
599,Gigi Bohling,Canada,Milk Bars,2022-02-10,3052.0,116
600,Dotty Strutley,India,Spicy Special Slims,2022-08-12,910.0,204
601,Gunar Cockshoot,USA,Organic Choco Syrup,2022-08-10,2331.0,321
602,Kelci Walkden,Australia,Raspberry Choco,2022-06-07,679.0,56
603,Jehu Rudeforth,India,Baker's Choco Chips,2022-06-06,2086.0,74
604,Karlen McCaffrey,New Zealand,Baker's Choco Chips,2022-04-05,5012.0,189
605,Wilone O'Kielt,USA,50% Dark Bites,2022-04-18,4501.0,131
606,Andria Kimpton,India,50% Dark Bites,2022-01-31,13482.0,15
607,Madelene Upcott,USA,Baker's Choco Chips,2022-08-22,5621.0,140
608,Jehu Rudeforth,Australia,99% Dark & Pure,2022-02-25,10486.0,198
609,Jan Morforth,Australia,Mint Chip Choco,2022-02-22,17626.0,103
610,Oby Sorrel,New Zealand,Milk Bars,2022-01-12,4494.0,187
611,Brien Boise,UK,Almond Choco,2022-05-25,105.0,125
612,Kelci Walkden,India,Smooth Sliky Salty,2022-02-01,2464.0,8
613,Rafaelita Blaksland,UK,Eclairs,2022-04-27,1379.0,70
614,Gigi Bohling,USA,Smooth Sliky Salty,2022-07-22,2583.0,126
615,Curtice Advani,New Zealand,Mint Chip Choco,2022-01-26,3220.0,265
616,Curtice Advani,USA,Mint Chip Choco,2022-08-24,4802.0,296
617,Madelene Upcott,New Zealand,Fruit & Nut Bars,2022-01-18,5677.0,21
618,Karlen McCaffrey,India,85% Dark Bars,2022-03-30,945.0,83
619,Ches Bonnell,Australia,Caramel Stuffed Bars,2022-01-17,8757.0,162
620,Kelci Walkden,USA,Fruit & Nut Bars,2022-02-17,4816.0,145
621,Kelci Walkden,Canada,Peanut Butter Cubes,2022-04-08,7532.0,44
622,Gigi Bohling,Canada,Drinking Coco,2022-07-06,3549.0,82
623,Husein Augar,India,Fruit & Nut Bars,2022-04-04,4340.0,226
624,Jan Morforth,New Zealand,Organic Choco Syrup,2022-03-02,1799.0,207
625,Gigi Bohling,New Zealand,Raspberry Choco,2022-08-09,1127.0,176
626,Dennison Crosswaite,Australia,Milk Bars,2022-06-09,10038.0,286
627,Ches Bonnell,UK,Caramel Stuffed Bars,2022-06-02,2926.0,300
628,Van Tuxwell,USA,Fruit & Nut Bars,2022-07-05,6279.0,235
629,Andria Kimpton,Canada,Eclairs,2022-08-11,308.0,125
630,Madelene Upcott,India,Choco Coated Almonds,2022-02-11,3500.0,145
631,Kelci Walkden,New Zealand,Spicy Special Slims,2022-08-11,658.0,65
632,Roddy Speechley,Australia,Drinking Coco,2022-05-12,12565.0,102
633,Wilone O'Kielt,USA,Milk Bars,2022-07-15,5012.0,93
634,Andria Kimpton,India,Organic Choco Syrup,2022-01-18,3955.0,134
635,Madelene Upcott,UK,Fruit & Nut Bars,2022-01-05,8512.0,189
636,Curtice Advani,Australia,50% Dark Bites,2022-06-29,504.0,232
637,Brien Boise,Canada,Raspberry Choco,2022-06-14,2800.0,45
638,Gunar Cockshoot,India,Mint Chip Choco,2022-08-08,4256.0,67
639,Dennison Crosswaite,India,Mint Chip Choco,2022-03-23,13573.0,138
640,Barr Faughny,India,Caramel Stuffed Bars,2022-01-04,6566.0,99
641,Brien Boise,India,Milk Bars,2022-02-22,13503.0,251
642,Beverie Moffet,UK,Spicy Special Slims,2022-02-17,8680.0,252
643,Barr Faughny,USA,Almond Choco,2022-02-03,385.0,78
644,Van Tuxwell,Canada,Raspberry Choco,2022-03-17,1267.0,130
645,Wilone O'Kielt,Australia,Baker's Choco Chips,2022-01-25,2961.0,154
646,Brien Boise,Australia,Milk Bars,2022-07-27,1981.0,52
647,Husein Augar,Australia,Fruit & Nut Bars,2022-01-28,7959.0,53
648,Madelene Upcott,Australia,Organic Choco Syrup,2022-07-05,10794.0,50
649,Van Tuxwell,India,White Choc,2022-03-15,1897.0,44
650,Gunar Cockshoot,Canada,After Nines,2022-08-04,2744.0,200
651,Jan Morforth,USA,Fruit & Nut Bars,2022-06-27,4382.0,361
652,Jan Morforth,Canada,After Nines,2022-07-13,4515.0,172
653,Barr Faughny,New Zealand,Manuka Honey Choco,2022-02-24,5474.0,239
654,Karlen McCaffrey,New Zealand,85% Dark Bars,2022-06-28,6069.0,55
655,Oby Sorrel,Australia,85% Dark Bars,2022-06-30,6944.0,27
656,Curtice Advani,Canada,Choco Coated Almonds,2022-08-18,5859.0,7
657,Kaine Padly,India,70% Dark Bites,2022-01-24,12173.0,301
658,Beverie Moffet,USA,White Choc,2022-03-11,5292.0,134
659,Ches Bonnell,New Zealand,After Nines,2022-06-23,5705.0,350
660,Husein Augar,India,Spicy Special Slims,2022-08-22,2492.0,33
661,Gunar Cockshoot,Canada,50% Dark Bites,2022-01-04,3024.0,23
662,Curtice Advani,India,Milk Bars,2022-04-05,3437.0,201
663,Beverie Moffet,India,Milk Bars,2022-04-15,1869.0,323
664,Husein Augar,Australia,White Choc,2022-05-11,3171.0,220
665,Andria Kimpton,Canada,Manuka Honey Choco,2022-07-21,4858.0,488
666,Jan Morforth,New Zealand,Orange Choco,2022-02-11,1225.0,84
667,Andria Kimpton,Canada,Smooth Sliky Salty,2022-07-08,1155.0,79
668,Gunar Cockshoot,UK,Raspberry Choco,2022-08-11,6811.0,344
669,Husein Augar,New Zealand,After Nines,2022-08-04,6433.0,7
670,Andria Kimpton,New Zealand,Orange Choco,2022-06-14,8169.0,88
671,Dennison Crosswaite,UK,Baker's Choco Chips,2022-01-17,2275.0,275
672,Jehu Rudeforth,Canada,Orange Choco,2022-06-23,3857.0,512
673,Jehu Rudeforth,UK,Smooth Sliky Salty,2022-08-24,1463.0,113
674,Andria Kimpton,UK,Caramel Stuffed Bars,2022-06-07,7924.0,275
675,Jan Morforth,UK,White Choc,2022-06-22,8799.0,47
676,Dotty Strutley,USA,Fruit & Nut Bars,2022-07-13,2898.0,276
677,Kelci Walkden,UK,Choco Coated Almonds,2022-05-24,9506.0,212
678,Gunar Cockshoot,New Zealand,After Nines,2022-08-09,7175.0,145
679,Kaine Padly,Canada,85% Dark Bars,2022-04-06,1729.0,31
680,Jan Morforth,New Zealand,Manuka Honey Choco,2022-07-28,1589.0,271
681,Gunar Cockshoot,New Zealand,Raspberry Choco,2022-08-24,630.0,52
682,Van Tuxwell,Australia,99% Dark & Pure,2022-01-17,112.0,128
683,Curtice Advani,USA,Drinking Coco,2022-02-07,5187.0,142
684,Brien Boise,Australia,Spicy Special Slims,2022-05-09,6223.0,256
685,Mallorie Waber,New Zealand,85% Dark Bars,2022-06-06,7714.0,106
686,Wilone O'Kielt,USA,Choco Coated Almonds,2022-06-06,9457.0,6
687,Beverie Moffet,New Zealand,Organic Choco Syrup,2022-05-24,6678.0,226
688,Gunar Cockshoot,UK,50% Dark Bites,2022-01-13,2107.0,121
689,Marney O'Breen,USA,Raspberry Choco,2022-05-23,6069.0,151
690,Jehu Rudeforth,UK,White Choc,2022-06-29,1862.0,284
691,Jehu Rudeforth,New Zealand,85% Dark Bars,2022-03-11,6972.0,89
692,Dotty Strutley,USA,85% Dark Bars,2022-04-25,10220.0,508
693,Rafaelita Blaksland,Australia,Smooth Sliky Salty,2022-05-30,3969.0,243
694,Curtice Advani,India,Manuka Honey Choco,2022-05-23,1547.0,170
695,Mallorie Waber,USA,Peanut Butter Cubes,2022-05-23,1162.0,18
696,Van Tuxwell,Canada,Peanut Butter Cubes,2022-06-24,6342.0,282
697,Kelci Walkden,New Zealand,Smooth Sliky Salty,2022-03-11,10633.0,277
698,Rafaelita Blaksland,USA,Smooth Sliky Salty,2022-07-27,15057.0,212
699,Rafaelita Blaksland,USA,White Choc,2022-08-16,4704.0,126
700,Roddy Speechley,Canada,Smooth Sliky Salty,2022-03-07,9338.0,11
701,Curtice Advani,New Zealand,After Nines,2022-04-05,7959.0,30
702,Camilla Castle,India,85% Dark Bars,2022-05-04,9023.0,51
703,Ches Bonnell,USA,Choco Coated Almonds,2022-01-04,14525.0,92
704,Marney O'Breen,Australia,Baker's Choco Chips,2022-01-13,5810.0,101
705,Wilone O'Kielt,New Zealand,Fruit & Nut Bars,2022-07-11,6426.0,98
706,Kaine Padly,Australia,Mint Chip Choco,2022-05-17,4403.0,159
707,Camilla Castle,New Zealand,Peanut Butter Cubes,2022-07-21,1582.0,62
708,Curtice Advani,Canada,Organic Choco Syrup,2022-02-22,791.0,22
709,Jan Morforth,India,99% Dark & Pure,2022-05-23,9100.0,187
710,Rafaelita Blaksland,Canada,Drinking Coco,2022-07-12,9884.0,200
711,Jan Morforth,UK,Orange Choco,2022-06-15,3780.0,201
712,Barr Faughny,New Zealand,50% Dark Bites,2022-06-23,4557.0,308
713,Curtice Advani,Australia,Eclairs,2022-03-25,5796.0,55
714,Jan Morforth,India,Caramel Stuffed Bars,2022-07-04,84.0,153
715,Andria Kimpton,UK,White Choc,2022-05-12,9037.0,101
716,Camilla Castle,New Zealand,Raspberry Choco,2022-04-04,4746.0,137
717,Madelene Upcott,Australia,Orange Choco,2022-04-15,6713.0,398
718,Roddy Speechley,Canada,Eclairs,2022-03-08,6237.0,88
719,Karlen McCaffrey,India,White Choc,2022-01-17,7483.0,232
720,Wilone O'Kielt,India,Mint Chip Choco,2022-08-22,1309.0,51
721,Andria Kimpton,UK,99% Dark & Pure,2022-07-25,1155.0,66
722,Marney O'Breen,UK,50% Dark Bites,2022-06-14,2989.0,124
723,Ches Bonnell,India,Choco Coated Almonds,2022-04-05,9625.0,78
724,Madelene Upcott,UK,Raspberry Choco,2022-08-26,7357.0,341
725,Wilone O'Kielt,Australia,50% Dark Bites,2022-08-03,10031.0,114
726,Gigi Bohling,Canada,White Choc,2022-07-11,6587.0,4
727,Wilone O'Kielt,New Zealand,Eclairs,2022-03-11,3311.0,22
728,Brien Boise,UK,Peanut Butter Cubes,2022-01-10,15330.0,30
729,Roddy Speechley,UK,Baker's Choco Chips,2022-04-04,14028.0,351
730,Karlen McCaffrey,Australia,50% Dark Bites,2022-01-17,6678.0,708
731,Marney O'Breen,New Zealand,Organic Choco Syrup,2022-07-08,8624.0,50
732,Jan Morforth,UK,Organic Choco Syrup,2022-04-12,1197.0,356
733,Rafaelita Blaksland,Canada,Fruit & Nut Bars,2022-08-24,483.0,185
734,Ches Bonnell,UK,Choco Coated Almonds,2022-06-07,1687.0,236
735,Gunar Cockshoot,Canada,Almond Choco,2022-07-28,1309.0,30
736,Husein Augar,USA,99% Dark & Pure,2022-02-21,9534.0,111
737,Dennison Crosswaite,Canada,Mint Chip Choco,2022-04-08,1694.0,289
738,Brien Boise,UK,Manuka Honey Choco,2022-06-28,70.0,103
739,Van Tuxwell,UK,Baker's Choco Chips,2022-03-24,2443.0,20
740,Barr Faughny,Australia,Caramel Stuffed Bars,2022-07-29,2933.0,55
741,Dennison Crosswaite,USA,Eclairs,2022-05-25,2044.0,90
742,Gigi Bohling,Australia,Raspberry Choco,2022-03-30,6524.0,303
743,Dennison Crosswaite,USA,Organic Choco Syrup,2022-07-18,12656.0,126
744,Beverie Moffet,Canada,Orange Choco,2022-05-10,8722.0,109
745,Mallorie Waber,Australia,Choco Coated Almonds,2022-03-18,15750.0,92
746,Ches Bonnell,India,Caramel Stuffed Bars,2022-06-15,6839.0,56
747,Van Tuxwell,Canada,50% Dark Bites,2022-05-12,13685.0,58
748,Kelci Walkden,New Zealand,Baker's Choco Chips,2022-06-23,2912.0,110
749,Beverie Moffet,India,Spicy Special Slims,2022-04-21,3339.0,171
750,Gigi Bohling,Australia,Almond Choco,2022-08-17,910.0,117
751,Rafaelita Blaksland,New Zealand,Eclairs,2022-02-07,19481.0,51
752,Kelci Walkden,Canada,Smooth Sliky Salty,2022-03-17,8099.0,118
753,Jan Morforth,India,Baker's Choco Chips,2022-08-01,13727.0,79
754,Jehu Rudeforth,Australia,Milk Bars,2022-03-18,8659.0,29
755,Gigi Bohling,Canada,Fruit & Nut Bars,2022-06-14,5782.0,103
756,Beverie Moffet,UK,Eclairs,2022-04-22,8463.0,155
757,Marney O'Breen,New Zealand,Eclairs,2022-01-18,4914.0,31
758,Husein Augar,Australia,99% Dark & Pure,2022-08-26,3087.0,128
759,Gunar Cockshoot,New Zealand,Fruit & Nut Bars,2022-06-10,9205.0,419
760,Curtice Advani,Canada,70% Dark Bites,2022-01-31,2303.0,7
761,Kelci Walkden,New Zealand,Manuka Honey Choco,2022-04-08,1358.0,106
762,Dotty Strutley,Australia,Baker's Choco Chips,2022-06-07,3605.0,68
763,Barr Faughny,Australia,85% Dark Bars,2022-02-10,8498.0,44
764,Beverie Moffet,Australia,50% Dark Bites,2022-05-16,700.0,457
765,Gunar Cockshoot,India,Baker's Choco Chips,2022-03-18,2191.0,524
766,Van Tuxwell,Australia,50% Dark Bites,2022-07-13,644.0,137
767,Oby Sorrel,USA,Manuka Honey Choco,2022-07-25,4340.0,86
768,Van Tuxwell,Canada,Choco Coated Almonds,2022-08-19,2282.0,296
769,Karlen McCaffrey,Canada,70% Dark Bites,2022-06-24,7714.0,597
770,Kelci Walkden,Canada,Fruit & Nut Bars,2022-06-20,826.0,149
771,Camilla Castle,India,99% Dark & Pure,2022-08-02,203.0,207
772,Madelene Upcott,New Zealand,70% Dark Bites,2022-02-22,13356.0,93
773,Mallorie Waber,New Zealand,Orange Choco,2022-02-01,6510.0,23
774,Jan Morforth,Canada,70% Dark Bites,2022-02-14,5894.0,305
775,Kelci Walkden,Australia,Milk Bars,2022-02-24,7910.0,125
776,Dennison Crosswaite,India,Orange Choco,2022-03-18,784.0,129
777,Husein Augar,UK,Eclairs,2022-08-30,1750.0,252
778,Gigi Bohling,USA,Peanut Butter Cubes,2022-05-09,280.0,75
779,Wilone O'Kielt,USA,Smooth Sliky Salty,2022-01-18,504.0,87
780,Curtice Advani,India,White Choc,2022-07-04,7154.0,342
781,Oby Sorrel,New Zealand,Spicy Special Slims,2022-06-03,1617.0,13
782,Beverie Moffet,New Zealand,Peanut Butter Cubes,2022-02-23,10822.0,30
783,Dotty Strutley,New Zealand,99% Dark & Pure,2022-05-09,10724.0,203
784,Kelci Walkden,India,70% Dark Bites,2022-06-06,3640.0,106
785,Kelci Walkden,India,Drinking Coco,2022-07-04,7532.0,234
786,Brien Boise,New Zealand,Drinking Coco,2022-06-06,1582.0,100
787,Dotty Strutley,Australia,Almond Choco,2022-05-13,1456.0,91
788,Wilone O'Kielt,New Zealand,Organic Choco Syrup,2022-01-31,2016.0,277
789,Ches Bonnell,New Zealand,Caramel Stuffed Bars,2022-06-30,7588.0,42
790,Barr Faughny,Canada,Manuka Honey Choco,2022-08-25,3402.0,249
791,Gigi Bohling,New Zealand,Smooth Sliky Salty,2022-01-10,700.0,97
792,Brien Boise,USA,Manuka Honey Choco,2022-08-22,1904.0,8
793,Roddy Speechley,New Zealand,85% Dark Bars,2022-04-14,4844.0,275
794,Oby Sorrel,UK,Smooth Sliky Salty,2022-05-31,9625.0,313
795,Oby Sorrel,UK,Raspberry Choco,2022-04-08,4599.0,323
796,Roddy Speechley,USA,Drinking Coco,2022-02-21,3003.0,155
797,Andria Kimpton,Australia,Manuka Honey Choco,2022-03-30,9744.0,377
798,Mallorie Waber,India,Raspberry Choco,2022-03-02,1400.0,2
799,Jehu Rudeforth,USA,Orange Choco,2022-07-28,364.0,170
800,Kaine Padly,New Zealand,70% Dark Bites,2022-03-24,7231.0,38
801,Curtice Advani,Australia,After Nines,2022-08-11,63.0,105
802,Husein Augar,UK,Almond Choco,2022-05-17,8309.0,166
803,Kaine Padly,Canada,Choco Coated Almonds,2022-05-18,3164.0,164
804,Roddy Speechley,UK,Peanut Butter Cubes,2022-08-17,5691.0,171
805,Ches Bonnell,New Zealand,Eclairs,2022-04-04,490.0,49
806,Brien Boise,India,85% Dark Bars,2022-08-09,18032.0,205
807,Brien Boise,New Zealand,Organic Choco Syrup,2022-01-17,637.0,313
808,Andria Kimpton,Canada,White Choc,2022-02-14,4067.0,29
809,Gigi Bohling,New Zealand,Orange Choco,2022-05-16,8204.0,307
810,Ches Bonnell,Canada,Smooth Sliky Salty,2022-03-16,9870.0,121
811,Husein Augar,Canada,70% Dark Bites,2022-01-31,5131.0,285
812,Barr Faughny,Canada,Organic Choco Syrup,2022-03-10,1141.0,205
813,Oby Sorrel,UK,Organic Choco Syrup,2022-06-30,7980.0,157
814,Van Tuxwell,New Zealand,Eclairs,2022-03-01,5229.0,182
815,Mallorie Waber,UK,Drinking Coco,2022-05-27,3423.0,100
816,Oby Sorrel,UK,Milk Bars,2022-07-11,6468.0,223
817,Karlen McCaffrey,New Zealand,Mint Chip Choco,2022-03-02,4326.0,61
818,Jehu Rudeforth,USA,Raspberry Choco,2022-03-04,7154.0,133
819,Kelci Walkden,UK,85% Dark Bars,2022-06-23,3997.0,228
820,Kelci Walkden,USA,Almond Choco,2022-01-27,5180.0,233
821,Marney O'Breen,Canada,Orange Choco,2022-01-14,2723.0,425
822,Dennison Crosswaite,India,Fruit & Nut Bars,2022-07-29,952.0,24
823,Brien Boise,Canada,Smooth Sliky Salty,2022-05-13,5691.0,495
824,Barr Faughny,Canada,Baker's Choco Chips,2022-02-03,10969.0,170
825,Brien Boise,India,Smooth Sliky Salty,2022-05-27,5964.0,26
826,Jan Morforth,Australia,Drinking Coco,2022-02-18,2821.0,24
827,Brien Boise,India,Spicy Special Slims,2022-01-28,1302.0,33
828,Van Tuxwell,UK,Eclairs,2022-06-29,5474.0,109
829,Wilone O'Kielt,India,Caramel Stuffed Bars,2022-01-13,4179.0,276
830,Jehu Rudeforth,UK,After Nines,2022-06-27,1946.0,164
831,Barr Faughny,Canada,White Choc,2022-03-29,4291.0,1
832,Gunar Cockshoot,India,Organic Choco Syrup,2022-06-03,7196.0,160
833,Mallorie Waber,Canada,Smooth Sliky Salty,2022-03-21,1939.0,98
834,Mallorie Waber,India,Eclairs,2022-04-12,10437.0,46
835,Rafaelita Blaksland,Australia,Raspberry Choco,2022-01-19,6916.0,259
836,Karlen McCaffrey,UK,50% Dark Bites,2022-04-06,3647.0,310
837,Kaine Padly,Australia,50% Dark Bites,2022-08-02,8995.0,78
838,Gigi Bohling,Australia,Eclairs,2022-04-12,7252.0,136
839,Oby Sorrel,India,Drinking Coco,2022-07-21,16380.0,130
840,Van Tuxwell,New Zealand,Baker's Choco Chips,2022-03-22,9660.0,24
841,Husein Augar,India,Peanut Butter Cubes,2022-05-09,4522.0,5
842,Andria Kimpton,Australia,Baker's Choco Chips,2022-08-09,329.0,109
843,Madelene Upcott,Canada,Choco Coated Almonds,2022-07-20,3458.0,294
844,Brien Boise,India,70% Dark Bites,2022-04-14,4641.0,413
845,Jehu Rudeforth,Canada,White Choc,2022-01-25,4627.0,136
846,Andria Kimpton,Australia,Almond Choco,2022-04-25,3192.0,175
847,Dotty Strutley,Canada,After Nines,2022-01-17,252.0,237
848,Karlen McCaffrey,USA,Eclairs,2022-08-15,868.0,125
849,Karlen McCaffrey,Canada,Fruit & Nut Bars,2022-06-02,210.0,16
850,Gunar Cockshoot,USA,85% Dark Bars,2022-06-30,7007.0,135
851,Dotty Strutley,New Zealand,Raspberry Choco,2022-02-10,5845.0,91
852,Marney O'Breen,Canada,Caramel Stuffed Bars,2022-02-23,1372.0,614
853,Dennison Crosswaite,India,Organic Choco Syrup,2022-01-27,8428.0,216
854,Camilla Castle,UK,Mint Chip Choco,2022-05-26,4977.0,317
855,Brien Boise,USA,70% Dark Bites,2022-04-14,1694.0,21
856,Madelene Upcott,Australia,99% Dark & Pure,2022-08-01,4326.0,154
857,Mallorie Waber,Australia,Eclairs,2022-08-22,9527.0,222
858,Marney O'Breen,India,99% Dark & Pure,2022-07-22,10766.0,157
859,Husein Augar,USA,Fruit & Nut Bars,2022-04-28,1288.0,27
860,Kelci Walkden,Australia,Almond Choco,2022-05-30,4879.0,350
861,Ches Bonnell,USA,Milk Bars,2022-07-21,2408.0,157
862,Jan Morforth,UK,Caramel Stuffed Bars,2022-08-02,3094.0,468
863,Brien Boise,New Zealand,70% Dark Bites,2022-06-15,7231.0,130
864,Oby Sorrel,India,85% Dark Bars,2022-07-05,8981.0,130
865,Kaine Padly,New Zealand,Smooth Sliky Salty,2022-04-12,7.0,518
866,Gigi Bohling,Australia,70% Dark Bites,2022-08-18,1372.0,105
867,Jan Morforth,UK,50% Dark Bites,2022-01-12,5250.0,293
868,Gunar Cockshoot,Canada,White Choc,2022-08-11,7560.0,15
869,Jehu Rudeforth,Australia,Spicy Special Slims,2022-01-13,5012.0,384
870,Husein Augar,UK,Baker's Choco Chips,2022-04-29,3038.0,135
871,Rafaelita Blaksland,New Zealand,After Nines,2022-07-07,1099.0,92
872,Madelene Upcott,New Zealand,Mint Chip Choco,2022-03-11,7413.0,4
873,Madelene Upcott,UK,70% Dark Bites,2022-02-16,5397.0,239
874,Barr Faughny,Australia,Organic Choco Syrup,2022-01-07,2303.0,33
875,Beverie Moffet,New Zealand,Drinking Coco,2022-01-12,1141.0,518
876,Beverie Moffet,India,Eclairs,2022-06-09,10325.0,147
877,Andria Kimpton,India,Eclairs,2022-05-16,2149.0,84
878,Gigi Bohling,UK,85% Dark Bars,2022-06-23,12362.0,94
879,Roddy Speechley,UK,Raspberry Choco,2022-01-28,12635.0,194
880,Dotty Strutley,UK,Mint Chip Choco,2022-07-14,2443.0,216
881,Barr Faughny,Canada,Drinking Coco,2022-04-18,6237.0,247
882,Oby Sorrel,USA,Milk Bars,2022-06-14,1736.0,79
883,Oby Sorrel,UK,Orange Choco,2022-04-15,7315.0,237
884,Curtice Advani,Canada,Peanut Butter Cubes,2022-05-19,4935.0,63
885,Gigi Bohling,India,White Choc,2022-04-13,1393.0,172
886,Husein Augar,Canada,Choco Coated Almonds,2022-08-15,3381.0,408
887,Wilone O'Kielt,India,Choco Coated Almonds,2022-08-22,2933.0,233
888,Wilone O'Kielt,New Zealand,Baker's Choco Chips,2022-04-22,3836.0,59
889,Kaine Padly,UK,Choco Coated Almonds,2022-08-03,8022.0,123
890,Dennison Crosswaite,New Zealand,Organic Choco Syrup,2022-01-04,371.0,229
891,Kelci Walkden,Canada,After Nines,2022-01-13,16702.0,198
892,Van Tuxwell,Australia,Baker's Choco Chips,2022-05-11,13258.0,32
893,Husein Augar,New Zealand,Peanut Butter Cubes,2022-02-16,2058.0,236
894,Kaine Padly,UK,Caramel Stuffed Bars,2022-05-20,10192.0,67
895,Jehu Rudeforth,UK,Drinking Coco,2022-02-03,7140.0,438
896,Beverie Moffet,India,Manuka Honey Choco,2022-05-06,9835.0,167
897,Gunar Cockshoot,UK,Choco Coated Almonds,2022-06-30,5775.0,135
898,Gunar Cockshoot,UK,Smooth Sliky Salty,2022-03-22,749.0,148
899,Camilla Castle,Canada,Orange Choco,2022-02-17,7770.0,54
900,Jehu Rudeforth,UK,85% Dark Bars,2022-07-07,5502.0,64
901,Oby Sorrel,UK,70% Dark Bites,2022-03-16,6223.0,181
902,Kelci Walkden,UK,99% Dark & Pure,2022-08-12,3507.0,114
903,Gigi Bohling,New Zealand,After Nines,2022-01-21,5600.0,181
904,Oby Sorrel,Australia,50% Dark Bites,2022-05-06,721.0,151
905,Oby Sorrel,Canada,50% Dark Bites,2022-06-24,6615.0,137
906,Barr Faughny,USA,White Choc,2022-05-05,7420.0,163
907,Rafaelita Blaksland,New Zealand,99% Dark & Pure,2022-03-25,3164.0,84
908,Curtice Advani,Australia,Caramel Stuffed Bars,2022-02-14,9114.0,140
909,Curtice Advani,New Zealand,85% Dark Bars,2022-05-12,5404.0,187
910,Barr Faughny,New Zealand,Smooth Sliky Salty,2022-01-25,3990.0,169
911,Ches Bonnell,UK,85% Dark Bars,2022-06-28,14924.0,12
912,Dennison Crosswaite,Australia,Drinking Coco,2022-07-13,7091.0,194
913,Roddy Speechley,USA,Milk Bars,2022-05-16,2807.0,252
914,Jan Morforth,India,After Nines,2022-03-14,6496.0,168
915,Gunar Cockshoot,USA,After Nines,2022-08-15,3738.0,261
916,Ches Bonnell,India,Orange Choco,2022-02-16,1190.0,256
917,Mallorie Waber,UK,Manuka Honey Choco,2022-06-15,8379.0,43
918,Barr Faughny,Australia,Raspberry Choco,2022-05-27,9268.0,100
919,Wilone O'Kielt,USA,Drinking Coco,2022-06-14,1029.0,98
920,Wilone O'Kielt,India,Eclairs,2022-02-25,3549.0,76
921,Wilone O'Kielt,India,After Nines,2022-08-04,12026.0,262
922,Kelci Walkden,India,99% Dark & Pure,2022-06-28,2303.0,244
923,Gunar Cockshoot,Canada,Spicy Special Slims,2022-04-05,13405.0,12
924,Madelene Upcott,Canada,Peanut Butter Cubes,2022-07-05,14763.0,113
925,Kaine Padly,New Zealand,Eclairs,2022-01-20,12894.0,48
926,Ches Bonnell,New Zealand,Drinking Coco,2022-02-16,8302.0,131
927,Curtice Advani,UK,Drinking Coco,2022-07-12,455.0,174
928,Kelci Walkden,India,Raspberry Choco,2022-06-16,8183.0,254
929,Dotty Strutley,Australia,Choco Coated Almonds,2022-04-13,1645.0,284
930,Kaine Padly,UK,50% Dark Bites,2022-02-21,3143.0,67
931,Roddy Speechley,Canada,Choco Coated Almonds,2022-05-11,5873.0,249
932,Ches Bonnell,India,50% Dark Bites,2022-04-15,11298.0,313
933,Oby Sorrel,Canada,Peanut Butter Cubes,2022-06-07,12425.0,167
934,Oby Sorrel,UK,White Choc,2022-06-27,1715.0,286
935,Barr Faughny,India,After Nines,2022-07-29,8190.0,109
936,Wilone O'Kielt,Canada,Smooth Sliky Salty,2022-06-02,4991.0,166
937,Rafaelita Blaksland,India,Mint Chip Choco,2022-01-26,15491.0,85
938,Rafaelita Blaksland,Canada,99% Dark & Pure,2022-03-02,5096.0,142
939,Van Tuxwell,Australia,70% Dark Bites,2022-01-10,7063.0,104
940,Beverie Moffet,USA,70% Dark Bites,2022-06-27,2275.0,115
941,Barr Faughny,Canada,Orange Choco,2022-06-30,7602.0,18
942,Roddy Speechley,Australia,85% Dark Bars,2022-07-08,4200.0,80
943,Oby Sorrel,India,Spicy Special Slims,2022-06-08,11137.0,88
944,Jan Morforth,UK,Manuka Honey Choco,2022-08-18,3388.0,212
945,Kaine Padly,Australia,After Nines,2022-04-08,6832.0,306
946,Wilone O'Kielt,Canada,Fruit & Nut Bars,2022-08-08,3437.0,181
947,Wilone O'Kielt,UK,Milk Bars,2022-08-26,301.0,65
948,Oby Sorrel,Canada,Fruit & Nut Bars,2022-01-14,1869.0,158
949,Dennison Crosswaite,USA,Baker's Choco Chips,2022-08-11,17465.0,271
950,Madelene Upcott,USA,Almond Choco,2022-05-31,10143.0,24
951,Van Tuxwell,New Zealand,50% Dark Bites,2022-07-11,3626.0,10
952,Karlen McCaffrey,Canada,Caramel Stuffed Bars,2022-03-02,3346.0,304
953,Madelene Upcott,Australia,Raspberry Choco,2022-07-13,6321.0,88
954,Rafaelita Blaksland,UK,Spicy Special Slims,2022-08-03,9345.0,133
955,Curtice Advani,UK,Peanut Butter Cubes,2022-03-01,15008.0,165
956,Kelci Walkden,New Zealand,White Choc,2022-04-13,7609.0,150
957,Beverie Moffet,Canada,Fruit & Nut Bars,2022-02-14,10332.0,180
958,Mallorie Waber,India,White Choc,2022-07-26,819.0,213
959,Brien Boise,UK,Drinking Coco,2022-01-27,5754.0,133
960,Jehu Rudeforth,India,Peanut Butter Cubes,2022-04-14,28.0,446
961,Oby Sorrel,USA,Almond Choco,2022-05-19,6440.0,141
962,Husein Augar,India,Eclairs,2022-02-09,4956.0,58
963,Brien Boise,UK,Spicy Special Slims,2022-05-25,2352.0,58
964,Oby Sorrel,Australia,Manuka Honey Choco,2022-01-26,3906.0,76
965,Beverie Moffet,India,White Choc,2022-07-04,1813.0,296
966,Ches Bonnell,India,Almond Choco,2022-04-13,11788.0,73
967,Gigi Bohling,Australia,Smooth Sliky Salty,2022-01-25,5768.0,119
968,Camilla Castle,USA,85% Dark Bars,2022-04-25,2401.0,78
969,Camilla Castle,USA,Eclairs,2022-06-10,4515.0,392
970,Madelene Upcott,New Zealand,White Choc,2022-08-22,10794.0,51
971,Van Tuxwell,India,After Nines,2022-06-27,13706.0,207
972,Husein Augar,India,Orange Choco,2022-06-30,4361.0,40
973,Jehu Rudeforth,India,Almond Choco,2022-08-30,10122.0,100
974,Karlen McCaffrey,Australia,Raspberry Choco,2022-08-23,994.0,57
975,Camilla Castle,New Zealand,99% Dark & Pure,2022-08-26,2268.0,42
976,Gigi Bohling,Australia,Orange Choco,2022-03-09,574.0,156
977,Kelci Walkden,UK,Drinking Coco,2022-04-20,1792.0,23
978,Mallorie Waber,Canada,Caramel Stuffed Bars,2022-06-10,4844.0,539
979,Husein Augar,Australia,Organic Choco Syrup,2022-02-08,938.0,158
980,Brien Boise,Australia,White Choc,2022-08-25,4879.0,22
981,Dotty Strutley,India,Peanut Butter Cubes,2022-02-16,9107.0,73
982,Dennison Crosswaite,UK,99% Dark & Pure,2022-05-30,12187.0,27
983,Gigi Bohling,New Zealand,50% Dark Bites,2022-06-29,5670.0,64
984,Gigi Bohling,USA,Milk Bars,2022-06-16,476.0,133
985,Brien Boise,UK,Caramel Stuffed Bars,2022-03-04,2681.0,149
986,Curtice Advani,New Zealand,Peanut Butter Cubes,2022-03-15,1533.0,434
987,Curtice Advani,New Zealand,50% Dark Bites,2022-01-27,9765.0,85
988,Beverie Moffet,Canada,Drinking Coco,2022-07-05,994.0,118
989,Barr Faughny,USA,Caramel Stuffed Bars,2022-03-29,3318.0,299
990,Mallorie Waber,Canada,Almond Choco,2022-05-12,4214.0,35
991,Oby Sorrel,USA,Drinking Coco,2022-03-11,7714.0,44
992,Brien Boise,New Zealand,Eclairs,2022-07-11,4690.0,299
993,Gunar Cockshoot,New Zealand,Choco Coated Almonds,2022-08-01,13062.0,62
994,Gunar Cockshoot,UK,Spicy Special Slims,2022-02-16,12488.0,200
995,Curtice Advani,USA,After Nines,2022-04-13,14147.0,235
996,Oby Sorrel,India,Choco Coated Almonds,2022-02-14,49.0,363
997,Ches Bonnell,Australia,Peanut Butter Cubes,2022-03-14,10199.0,68
998,Oby Sorrel,Australia,Spicy Special Slims,2022-04-26,11389.0,26
999,Jehu Rudeforth,Canada,Manuka Honey Choco,2022-04-05,3584.0,200
1000,Camilla Castle,Canada,Drinking Coco,2022-03-03,12481.0,264
1001,Kaine Padly,USA,Spicy Special Slims,2022-06-13,2107.0,175
1002,Marney O'Breen,New Zealand,70% Dark Bites,2022-02-14,8603.0,352
1003,Roddy Speechley,New Zealand,99% Dark & Pure,2022-04-18,7483.0,183
1004,Oby Sorrel,New Zealand,85% Dark Bars,2022-02-01,3381.0,417
1005,Dotty Strutley,New Zealand,Orange Choco,2022-08-04,2030.0,146
1006,Andria Kimpton,New Zealand,Almond Choco,2022-04-05,6559.0,158
1007,Karlen McCaffrey,Australia,99% Dark & Pure,2022-01-26,10822.0,168
1008,Kaine Padly,UK,After Nines,2022-01-21,18697.0,176
1009,Kaine Padly,Canada,After Nines,2022-08-22,5845.0,172
1010,Kaine Padly,UK,Drinking Coco,2022-01-27,2317.0,224
1011,Rafaelita Blaksland,UK,50% Dark Bites,2022-02-16,10150.0,68
1012,Dotty Strutley,USA,Raspberry Choco,2022-01-03,3437.0,46
1013,Karlen McCaffrey,USA,White Choc,2022-08-24,4592.0,2
1014,Oby Sorrel,USA,Spicy Special Slims,2022-02-07,5691.0,417
1015,Mallorie Waber,Australia,Smooth Sliky Salty,2022-02-11,4158.0,109
1016,Kaine Padly,Canada,Organic Choco Syrup,2022-03-29,5684.0,81
1017,Marney O'Breen,USA,Peanut Butter Cubes,2022-06-15,693.0,350
1018,Dennison Crosswaite,UK,Smooth Sliky Salty,2022-04-26,546.0,142
1019,Brien Boise,Australia,Organic Choco Syrup,2022-07-15,4263.0,264
1020,Beverie Moffet,India,Organic Choco Syrup,2022-06-23,1036.0,20
1021,Dennison Crosswaite,Australia,Baker's Choco Chips,2022-01-11,13846.0,421
1022,Beverie Moffet,UK,50% Dark Bites,2022-02-09,2499.0,271
1023,Van Tuxwell,UK,Almond Choco,2022-06-06,10689.0,204
1024,Dotty Strutley,UK,Caramel Stuffed Bars,2022-08-10,5768.0,235
1025,Wilone O'Kielt,Australia,Smooth Sliky Salty,2022-01-04,2226.0,46
1026,Andria Kimpton,Canada,70% Dark Bites,2022-04-08,10262.0,15
1027,Barr Faughny,UK,Milk Bars,2022-03-02,3864.0,430
1028,Van Tuxwell,Canada,Drinking Coco,2022-06-15,4900.0,709
1029,Jehu Rudeforth,Australia,After Nines,2022-02-14,5250.0,47
1030,Husein Augar,UK,After Nines,2022-07-05,3507.0,380
1031,Barr Faughny,India,Mint Chip Choco,2022-01-12,7413.0,465
1032,Curtice Advani,India,Mint Chip Choco,2022-03-03,8155.0,96
1033,Jehu Rudeforth,New Zealand,Milk Bars,2022-05-18,2478.0,188
1034,Gunar Cockshoot,India,Caramel Stuffed Bars,2022-07-28,2471.0,202
1035,Curtice Advani,UK,Manuka Honey Choco,2022-02-07,1666.0,106
1036,Andria Kimpton,India,Orange Choco,2022-05-30,301.0,421
1037,Mallorie Waber,Australia,Raspberry Choco,2022-04-25,8400.0,27
1038,Beverie Moffet,Canada,85% Dark Bars,2022-02-16,6139.0,45
1039,Kelci Walkden,Australia,Drinking Coco,2022-05-04,1288.0,60
1040,Van Tuxwell,Canada,70% Dark Bites,2022-06-02,7077.0,77
1041,Dennison Crosswaite,USA,Caramel Stuffed Bars,2022-07-11,2317.0,464
1042,Beverie Moffet,New Zealand,Spicy Special Slims,2022-06-07,63.0,60
1043,Jan Morforth,UK,Almond Choco,2022-07-06,9744.0,157
1044,Husein Augar,India,Raspberry Choco,2022-06-15,9954.0,154
1045,Dotty Strutley,India,Mint Chip Choco,2022-04-14,1260.0,239
1046,Camilla Castle,India,Drinking Coco,2022-08-08,469.0,163
1047,Marney O'Breen,UK,Drinking Coco,2022-03-29,973.0,28
1048,Roddy Speechley,Australia,Organic Choco Syrup,2022-07-04,3647.0,76
1049,Ches Bonnell,India,99% Dark & Pure,2022-02-16,455.0,96
1050,Rafaelita Blaksland,Canada,Spicy Special Slims,2022-05-02,2520.0,156
1051,Van Tuxwell,India,Eclairs,2022-07-21,10500.0,106
1052,Gunar Cockshoot,Australia,99% Dark & Pure,2022-08-18,7952.0,235
1053,Kaine Padly,USA,85% Dark Bars,2022-06-22,483.0,259
1054,Camilla Castle,UK,Peanut Butter Cubes,2022-07-19,4872.0,126
1055,Madelene Upcott,UK,Peanut Butter Cubes,2022-08-12,7756.0,85
1056,Madelene Upcott,USA,Choco Coated Almonds,2022-06-07,5446.0,132
1057,Marney O'Breen,Canada,Peanut Butter Cubes,2022-03-08,6594.0,91
1058,Ches Bonnell,Australia,Choco Coated Almonds,2022-04-08,1470.0,167
1059,Curtice Advani,Canada,Eclairs,2022-05-06,721.0,203
1060,Roddy Speechley,India,Drinking Coco,2022-05-31,4494.0,11
1061,Van Tuxwell,Australia,Mint Chip Choco,2022-01-13,2674.0,295
1062,Dennison Crosswaite,USA,70% Dark Bites,2022-03-15,658.0,77
1063,Andria Kimpton,Canada,Peanut Butter Cubes,2022-02-16,1127.0,319
1064,Gigi Bohling,USA,70% Dark Bites,2022-01-14,7364.0,196
1065,Rafaelita Blaksland,Australia,White Choc,2022-03-21,6818.0,102
1066,Roddy Speechley,Canada,Drinking Coco,2022-05-17,6776.0,312
1067,Camilla Castle,New Zealand,85% Dark Bars,2022-08-08,15099.0,55
1068,Madelene Upcott,Canada,Milk Bars,2022-04-26,3612.0,82
1069,Madelene Upcott,Australia,70% Dark Bites,2022-04-15,3710.0,260
1070,Oby Sorrel,Canada,Eclairs,2022-05-19,6111.0,591
1071,Dennison Crosswaite,Canada,Drinking Coco,2022-01-10,2702.0,24
1072,Mallorie Waber,New Zealand,After Nines,2022-05-04,483.0,228
1073,Roddy Speechley,Canada,White Choc,2022-04-05,5887.0,268
1074,Andria Kimpton,India,After Nines,2022-01-17,952.0,68
1075,Roddy Speechley,India,Spicy Special Slims,2022-03-22,10647.0,173
1076,Dotty Strutley,Australia,White Choc,2022-07-05,6055.0,93
1077,Oby Sorrel,Canada,Orange Choco,2022-04-27,8757.0,338
1078,Kaine Padly,Canada,Almond Choco,2022-08-12,6055.0,73
1079,Jan Morforth,UK,Baker's Choco Chips,2022-03-11,721.0,251
1080,Jehu Rudeforth,UK,Fruit & Nut Bars,2022-05-13,8589.0,229
1081,Dennison Crosswaite,USA,Smooth Sliky Salty,2022-05-12,11781.0,91
1082,Brien Boise,USA,Raspberry Choco,2022-01-12,672.0,194
1083,Madelene Upcott,New Zealand,Milk Bars,2022-03-29,12558.0,403
1084,Roddy Speechley,India,50% Dark Bites,2022-03-14,8337.0,12
1085,Barr Faughny,New Zealand,99% Dark & Pure,2022-05-24,8134.0,195
1086,Dennison Crosswaite,Canada,Organic Choco Syrup,2022-01-28,8491.0,75
1087,Beverie Moffet,India,Almond Choco,2022-05-24,3066.0,96
1088,Brien Boise,Australia,Peanut Butter Cubes,2022-08-19,301.0,205
1089,Karlen McCaffrey,Australia,Spicy Special Slims,2022-05-17,4410.0,323
1090,Jehu Rudeforth,USA,White Choc,2022-06-07,6559.0,119
1091,Ches Bonnell,Canada,Organic Choco Syrup,2022-07-26,574.0,217
1092,Dotty Strutley,India,Eclairs,2022-07-28,2086.0,384
1093,Karlen McCaffrey,India,70% Dark Bites,2022-05-23,5075.0,344
